Gene,log2 Ratio(C1/CK1),log2 Ratio(d/CK1),log2 Ratio(s/CK1),GO Component,GO Function,GO Process,blast nr
GRMZM2G169642_T01,-8.503825738,-2.80338601985466,-3.37454272105079,-,-,-,gi|259490028|ref|NP_001159137.1|/0/hypothetical protein LOC100304215 [Zea mays]
GRMZM2G149798_T01,-4.193504479,-1.23065747707813,-1.34992936869031,GO:0031410//cytoplasmic vesicle,-,-,gi|242036351|ref|XP_002465570.1|/1.33179e-116/hypothetical protein SORBIDRAFT_01g041290 [Sorghum bicolor]
GRMZM2G151738_T01,-4.021373651,-1.88289169700114,-2.03761429179978,GO:0031410//cytoplasmic vesicle;GO:0005618//cell wall,"GO:0016772//transferase activity, transferring phosphorus-containing groups;GO:0004871//signal transducer activity;GO:0005488//binding",-,gi|212723694|ref|NP_001131493.1|/0/hypothetical protein LOC100192830 [Zea mays]
AC212755.4_FGT002,-3.955773026,-2.39962422321907,-4.11049562123414,-,-,-,-
GRMZM2G010372_T01,-3.831400396,-3.2184235191335,-3.78958022032963,GO:0043231//intracellular membrane-bounded organelle;GO:0016021//integral to membrane;GO:0031410//cytoplasmic vesicle,-,GO:0051234//establishment of localization;GO:0009755//hormone-mediated signaling pathway,gi|212722740|ref|NP_001132593.1|/1.99929e-167/hypothetical protein LOC100194065 [Zea mays]
GRMZM2G035156_T01,-3.791968764,-1.42504068488624,-4.30043312766007,GO:0009536//plastid,-,GO:0010468//regulation of gene expression;GO:0009314//response to radiation,gi|242036771|ref|XP_002465780.1|/2.98729e-33/hypothetical protein SORBIDRAFT_01g045710 [Sorghum bicolor]
GRMZM2G093270_T01,-3.710131837,-1.15902814075526,-1.15775983734092,-,-,-,gi|226528870|ref|NP_001145502.1|/9.92958e-119/hypothetical protein LOC100278906 [Zea mays]
GRMZM2G058622_T01,-3.647246779,-2.20073104822349,-2.36547581056012,-,GO:0046914//transition metal ion binding,-,gi|242045894|ref|XP_002460818.1|/2.44858e-50/hypothetical protein SORBIDRAFT_02g035570 [Sorghum bicolor]
GRMZM2G124011_T01,-3.56836599,-1.79784783631323,-2.28659502177508,-,-,GO:0006350//transcription,gi|226510014|ref|NP_001152672.1|/1.30755e-81/sbCBF6 [Zea mays]
GRMZM2G088511_T01,-3.469662371,-2.25352894007486,-1.66334873008268,-,-,-,-
GRMZM2G066343_T01,-3.31045531,-1.52987494061695,-2.02029956161053,-,GO:0003824//catalytic activity,-,gi|212723018|ref|NP_001132803.1|/5.55336e-142/hypothetical protein LOC100194292 [Zea mays]
GRMZM2G071720_T01,-3.185022013,-1.38133030544157,-2.05062607306997,-,-,-,gi|226494881|ref|NP_001148409.1|/1.801e-121/plant-specific domain TIGR01627 family protein [Zea mays]
GRMZM2G089856_T01,-3.118756817,-1.31506510859401,-1.37752919554066,-,GO:0005488//binding;GO:0016491//oxidoreductase activity,GO:0008152//metabolic process,gi|226528603|ref|NP_001146957.1|/9.91151e-170/1-aminocyclopropane-1-carboxylate oxidase [Zea mays]
GRMZM2G030850_T01,-3.081868825,-2.08424363196502,-2.18768928091815,GO:0031410//cytoplasmic vesicle,"GO:0016798//hydrolase activity, acting on glycosyl bonds;GO:0043167//ion binding",GO:0044238//primary metabolic process,"gi|226530369|ref|NP_001149928.1|/0/glucan endo-1,3-beta-glucosidase 7 [Zea mays]"
GRMZM2G136106_T01,-3.03472903,-1.33994325144109,-1.68855338898096,GO:0030312//external encapsulating structure,GO:0030234//enzyme regulator activity;GO:0004091//carboxylesterase activity,GO:0071555,gi|226529913|ref|NP_001146685.1|/0/hypothetical protein LOC100280285 [Zea mays]
GRMZM2G565856_T01,-2.974004791,-1.64259564356881,-1.80513709680779,GO:0043231//intracellular membrane-bounded organelle;GO:0031410//cytoplasmic vesicle,GO:0008194//UDP-glycosyltransferase activity,GO:0045489//pectin biosynthetic process,gi|293331885|ref|NP_001169332.1|/1.49146e-87/hypothetical protein LOC100383199 [Zea mays]
GRMZM2G011357_T01,-2.952123373,-1.30024128023874,-1.45239575032114,GO:0044464//cell part,GO:0046914//transition metal ion binding,-,gi|162461280|ref|NP_001104909.1|/1.70168e-168/indeterminate growth1 [Zea mays]
GRMZM2G168898_T01,-2.918798787,-1.52536774355897,-1.85026740497763,-,GO:0005506//iron ion binding,GO:0015669//gas transport,gi|162461616|ref|NP_001105819.1|/1.25722e-77/hemoglobin 2 [Zea mays]
GRMZM2G167829_T01,-2.911644126,-2.12691211248222,-9.56985560833095,GO:0043231//intracellular membrane-bounded organelle,GO:0003676//nucleic acid binding;GO:0001071//nucleic acid binding transcription factor activity,"GO:0010468//regulation of gene expression;GO:0006351//transcription, DNA-dependent",gi|242054237|ref|XP_002456264.1|/6.23468e-92/hypothetical protein SORBIDRAFT_03g033160 [Sorghum bicolor]
GRMZM2G373859_T01,-2.872244453,-2.31194400631474,-2.02696704760027,-,-,-,gi|226531410|ref|NP_001145519.1|/5.7267e-26/hypothetical protein LOC100278929 [Zea mays]
GRMZM2G354253_T01,-2.852774047,-3.2184235191335,-2.76911611776991,-,-,-,gi|293333055|ref|NP_001167693.1|/1.81352e-39/hypothetical protein LOC100381370 [Zea mays]
GRMZM2G372074_T01,-2.782692868,-1.33890643006287,-1.16748408023406,GO:0031410//cytoplasmic vesicle,-,GO:0006810//transport,gi|226530505|ref|NP_001148182.1|/6.61168e-52/LOC100281790 [Zea mays]
GRMZM2G150260_T01,-2.744849193,-2.31506510859401,-1.29081756234733,GO:0043231//intracellular membrane-bounded organelle,GO:0003676//nucleic acid binding,GO:0010468//regulation of gene expression,gi|226528076|ref|NP_001151113.1|/1.73117e-48/LOC100284746 [Zea mays]
GRMZM2G044049_T01,-2.738393298,-2.47774154390726,-3.24685766167718,GO:0031410//cytoplasmic vesicle,GO:0016209//antioxidant activity;GO:0005506//iron ion binding;GO:0003824//catalytic activity,GO:0006950//response to stress;GO:0008152//metabolic process,gi|242051036|ref|XP_002463262.1|/4.35373e-148/hypothetical protein SORBIDRAFT_02g040750 [Sorghum bicolor]
GRMZM5G800488_T01,-2.728044744,-2.06403995148848,-2.6636280159698,GO:0031410//cytoplasmic vesicle,GO:0016491//oxidoreductase activity,-,gi|297725301|ref|NP_001175014.1|/0/Os07g0101000 [Oryza sativa Japonica Group]
GRMZM2G093032_T01,-2.726205288,-1.04399945044602,-1.14709103705905,GO:0031410//cytoplasmic vesicle,GO:0004175//endopeptidase activity,GO:0019538//protein metabolic process,gi|194690104|gb|ACF79136.1|/0/unknown [Zea mays]
GRMZM5G886177_T01,-2.72073928,-1.23734776217015,-1.27343850169946,-,-,-,gi|226528762|ref|NP_001151686.1|/5.53432e-121/pathogen-related protein [Zea mays]
GRMZM2G427451_T01,-2.668544246,-2.36941428028768,-1.26461299934856,GO:0031410//cytoplasmic vesicle,-,-,gi|223946257|gb|ACN27212.1|/1.48257e-74/unknown [Zea mays]
GRMZM2G087069_T01,-2.613205394,-1.36690500360574,-1.13253994060322,-,-,-,gi|226500612|ref|NP_001142588.1|/1.93155e-88/hypothetical protein LOC100274853 [Zea mays]
GRMZM2G062718_T01,-2.579253372,-1.09578141607902,-1.20495553753566,GO:0043231//intracellular membrane-bounded organelle,"GO:0016747//transferase activity, transferring acyl groups other than amino-acyl groups",GO:0006631//fatty acid metabolic process,gi|226491932|ref|NP_001140738.1|/0/hypothetical protein LOC100272813 [Zea mays]
GRMZM2G337534_T01,-2.562748086,-1.27182755715125,-1.23993108500812,-,-,-,gi|195642394|gb|ACG40665.1|/5.70191e-24/hypothetical protein [Zea mays]
GRMZM2G362848_T01,-2.562644121,-1.69422767350368,-1.02593678918363,GO:0044464//cell part,"GO:0015932//nucleobase, nucleoside, nucleotide and nucleic acid transmembrane transporter activity",GO:0006810//transport,gi|219362651|ref|NP_001136535.1|/0/hypothetical protein LOC100216652 [Zea mays]
GRMZM2G168281_T01,-2.549898851,-1.92474726018956,-2.83262905820113,GO:0043231//intracellular membrane-bounded organelle,"GO:0016741;GO:0016811//hydrolase activity, acting on carbon-nitrogen (but not peptide) bonds, in linear amides",GO:0006760//folic acid-containing compound metabolic process;GO:0006188//IMP biosynthetic process;GO:0043094,gi|226499690|ref|NP_001152471.1|/1.59561e-166/formyltetrahydrofolate deformylase [Zea mays]
GRMZM2G132273_T01,-2.515452597,-2.31403730926789,-2.36747656822936,GO:0031410//cytoplasmic vesicle,-,-,gi|226492910|ref|NP_001149569.1|/4.04105e-71/disease resistance response protein 206 [Zea mays]
GRMZM2G048474_T01,-2.482820694,-1.99799486410962,-4.26102926994342,GO:0031410//cytoplasmic vesicle,GO:0016209//antioxidant activity;GO:0005506//iron ion binding;GO:0003824//catalytic activity,GO:0006950//response to stress;GO:0008152//metabolic process,gi|223947807|gb|ACN27987.1|/0/unknown [Zea mays]
GRMZM2G166162_T01,-2.431691661,-1.44027064600169,-1.06374605426079,-,-,-,gi|242064036|ref|XP_002453307.1|/0/hypothetical protein SORBIDRAFT_04g003700 [Sorghum bicolor]
GRMZM2G022931_T01,-2.429251358,-1.80206062238809,-2.35954238668714,GO:0031410//cytoplasmic vesicle,-,-,gi|212274463|ref|NP_001130967.1|/4.09643e-80/hypothetical protein LOC100192072 [Zea mays]
GRMZM2G465771_T01,-2.412598454,-1.43618527414504,-1.5559626289986,GO:0016020//membrane,GO:0016301//kinase activity;GO:0032559,GO:0006464//protein modification process,gi|242054793|ref|XP_002456542.1|/0/hypothetical protein SORBIDRAFT_03g038110 [Sorghum bicolor]
GRMZM2G113668_T01,-2.412556061,-1.79661108698064,-1.89673072938829,GO:0031410//cytoplasmic vesicle,"GO:0016772//transferase activity, transferring phosphorus-containing groups;GO:0004871//signal transducer activity",-,gi|242048404|ref|XP_002461948.1|/1.45688e-120/hypothetical protein SORBIDRAFT_02g011020 [Sorghum bicolor]
GRMZM2G178005_T01,-2.394903544,-3.18388557690671,-2.09434112016771,-,-,-,gi|226502234|ref|NP_001144263.1|/5.42377e-92/hypothetical protein LOC100277137 [Zea mays]
GRMZM2G387594_T01,-2.370704634,-1.05620870788706,-1.80295142366479,-,-,-,-
GRMZM2G165530_T02,-2.329245245,-1.03529956282268,-1.33332642199598,GO:0031224//intrinsic to membrane;GO:0031410//cytoplasmic vesicle,GO:0008493//tetracycline transporter activity,GO:0015850//organic alcohol transport;GO:0042221//response to chemical stimulus,gi|226506830|ref|NP_001144256.1|/0/hypothetical protein LOC100277128 [Zea mays]
GRMZM2G110135_T01,-2.316832682,-1.35549430284792,-1.12144470024525,GO:0043231//intracellular membrane-bounded organelle,GO:0003676//nucleic acid binding;GO:0001071//nucleic acid binding transcription factor activity,"GO:0010468//regulation of gene expression;GO:0009725//response to hormone stimulus;GO:0006351//transcription, DNA-dependent",gi|293332975|ref|NP_001168694.1|/1.139e-120/hypothetical protein LOC100382484 [Zea mays]
AC197699.3_FGT002,-2.29862351,-4.25228479564702,-3.3823453362114,-,-,-,gi|242094782|ref|XP_002437881.1|/0/hypothetical protein SORBIDRAFT_10g004370 [Sorghum bicolor]
GRMZM2G180926_T01,-2.263973355,-1.18288942611577,-1.80126660413325,GO:0005773//vacuole;GO:0031410//cytoplasmic vesicle,GO:0004175//endopeptidase activity;GO:0016491//oxidoreductase activity,GO:0051234//establishment of localization;GO:0019538//protein metabolic process;GO:0012501//programmed cell death,gi|242066206|ref|XP_002454392.1|/5.97639e-174/hypothetical protein SORBIDRAFT_04g029960 [Sorghum bicolor]
GRMZM2G164136_T01,-2.253249424,-1.2264279345716,-1.03410434856166,-,-,-,gi|219888297|gb|ACL54523.1|/0/unknown [Zea mays]
GRMZM5G891967_T01,-2.250499163,-1.69435035982234,-2.4052217578374,-,-,-,gi|242061054|ref|XP_002451816.1|/2.12361e-37/hypothetical protein SORBIDRAFT_04g008170 [Sorghum bicolor]
GRMZM2G113052_T01,-2.243051892,-1.34481872929157,-1.96049803534932,-,-,-,gi|226509622|ref|NP_001148326.1|/1.40062e-38/negatively light-regulated protein [Zea mays]
GRMZM2G072589_T01,-2.223536963,-1.86156070774996,-1.76507718370742,GO:0031224//intrinsic to membrane;GO:0043231//intracellular membrane-bounded organelle,GO:0008194//UDP-glycosyltransferase activity;GO:0042285//xylosyltransferase activity,GO:0048588//developmental cell growth;GO:0009250//glucan biosynthetic process,gi|226507693|ref|NP_001151451.1|/1.10043e-180/glycosyltransferase 5 [Zea mays]
GRMZM5G876638_T01,-2.193132393,-2.28157035727122,-3.26508223448265,-,GO:0003824//catalytic activity,GO:0046246//terpene biosynthetic process,gi|226497306|ref|NP_001150890.1|/1.45388e-122/sex determination protein tasselseed-2 [Zea mays]
GRMZM2G033126_T01,-2.157718096,-1.95400478100845,-1.78342026182167,-,GO:0008168//methyltransferase activity,-,gi|125527393|gb|EAY75507.1|/7.65971e-138/hypothetical protein OsI_03407 [Oryza sativa Indica Group]
GRMZM2G176347_T01,-2.125225194,-1.10338414543192,-1.40795540114621,GO:0031410//cytoplasmic vesicle,-,GO:0006810//transport,gi|226508496|ref|NP_001151017.1|/1.40715e-26/lipid binding protein [Zea mays]
GRMZM2G000264_T01,-2.089563559,-1.18029238096476,-1.34172944801001,GO:0031224//intrinsic to membrane,"GO:0043169//cation binding;GO:0015662//ATPase activity, coupled to transmembrane movement of ions, phosphorylative mechanism;GO:0032559",GO:0006818//hydrogen transport;GO:0009206;GO:0006811//ion transport,gi|224028311|gb|ACN33231.1|/0/unknown [Zea mays]
GRMZM2G174549_T01,-2.088481874,-1.3508665631609,-1.45663298528462,GO:0031410//cytoplasmic vesicle,GO:0016791//phosphatase activity;GO:0043169//cation binding,-,gi|226532796|ref|NP_001150058.1|/0/LOC100283685 [Zea mays]
GRMZM2G342515_T01,-2.085603299,-1.75632253733825,-1.41324678576956,GO:0043229//intracellular organelle,-,-,gi|242052267|ref|XP_002455279.1|/2.69838e-39/hypothetical protein SORBIDRAFT_03g007700 [Sorghum bicolor]
GRMZM2G109448_T01,-2.080750754,-1.74032631586262,-1.36350126002139,GO:0000785//chromatin;GO:0043231//intracellular membrane-bounded organelle,GO:0003676//nucleic acid binding,GO:0034728,gi|195617908|gb|ACG30784.1|/1.35532e-40/histone H2A [Zea mays]
GRMZM2G098828_T01,-2.062840874,-2.91876469589681,-1.78777938372084,GO:0005576//extracellular region,GO:0004672//protein kinase activity;GO:0032559,GO:0006464//protein modification process;GO:0030865//cortical cytoskeleton organization,gi|242049162|ref|XP_002462325.1|/0/hypothetical protein SORBIDRAFT_02g023830 [Sorghum bicolor]
GRMZM2G023952_T01,-2.037016809,-4.56594527455078,-1.96730783693255,GO:0031410//cytoplasmic vesicle,GO:0004497//monooxygenase activity;GO:0005506//iron ion binding,GO:0060918//auxin transport;GO:0009813//flavonoid biosynthetic process;GO:0009933//meristem structural organization;GO:0010346;GO:0016109,gi|237908823|gb|ACR33787.1|/0/cytochrome P450 monooxygenase [Zea mays]
GRMZM2G089952_T01,-2.033450194,-1.15219647124051,-1,-,-,-,gi|223948671|gb|ACN28419.1|/4.99349e-133/unknown [Zea mays]
GRMZM2G083016_T02,-2.031662464,-3.73210218224717,-2.70462144582506,-,GO:0004175//endopeptidase activity,GO:0019538//protein metabolic process,gi|226503633|ref|NP_001151968.1|/0/metacaspase type II [Zea mays]
GRMZM2G348909_T01,-2.026616926,-1.52845411076479,-1.71467291954775,-,-,-,gi|242074684|ref|XP_002447278.1|/0/hypothetical protein SORBIDRAFT_06g031840 [Sorghum bicolor]
GRMZM2G147756_T01,-2.00422654,-1.49268630168976,-1.1929306941457,-,-,-,gi|224030131|gb|ACN34141.1|/0/unknown [Zea mays]
GRMZM2G016551_T01,-1.997860032,-1.05604110277395,-1.19621876082222,GO:0031224//intrinsic to membrane,-,-,gi|242044556|ref|XP_002460149.1|/2.72339e-106/hypothetical protein SORBIDRAFT_02g023420 [Sorghum bicolor]
GRMZM5G869196_T01,-1.972528338,-1.24338566788726,-1.23279703289907,GO:0009526//plastid envelope;GO:0031976;GO:0009532//plastid stroma,GO:0005488//binding,GO:0006950//response to stress;GO:0019725//cellular homeostasis,gi|194702802|gb|ACF85485.1|/1.09532e-146/unknown [Zea mays]
GRMZM2G397509_T01,-1.96493635,-2.41017408735981,-1.24766655747997,GO:0031410//cytoplasmic vesicle,-,-,gi|226500400|ref|NP_001144320.1|/1.94253e-65/hypothetical protein LOC100277214 [Zea mays]
GRMZM2G108123_T01,-1.961881665,-1.38320268948456,-1.32700673492512,GO:0031410//cytoplasmic vesicle,GO:0016209//antioxidant activity;GO:0005506//iron ion binding;GO:0003824//catalytic activity,GO:0006950//response to stress;GO:0008152//metabolic process,gi|212721728|ref|NP_001132293.1|/5.1631e-169/hypothetical protein LOC100193733 [Zea mays]
GRMZM2G154505_T01,-1.958934605,-1.1048520767868,-1.44110948806178,-,-,-,gi|226532606|ref|NP_001142996.1|/2.15004e-90/hypothetical protein LOC100275457 [Zea mays]
GRMZM2G082484_T01,-1.94315129,-1.96378758297468,-1.85717806717053,GO:0030312//external encapsulating structure;GO:0031981//nuclear lumen;GO:0043232;GO:0016020//membrane,GO:0005198//structural molecule activity;GO:0032559,GO:0009314//response to radiation;GO:0009725//response to hormone stimulus;GO:0009913//epidermal cell differentiation;GO:0048588//developmental cell growth;GO:0006950//response to stress,gi|293331813|ref|NP_001167929.1|/0/hypothetical protein LOC100381643 [Zea mays]
GRMZM5G836588_T01,-1.904364721,-1.75026010485916,-1.52229846593899,GO:0043231//intracellular membrane-bounded organelle,-,-,gi|195656599|gb|ACG47767.1|/0/appr-1-p processing enzyme family protein [Zea mays]
GRMZM2G069146_T01,-1.879891334,-1.83782727428187,-3.13102365062592,GO:0043231//intracellular membrane-bounded organelle,-,GO:0006350//transcription,gi|60593391|gb|AAX28960.1|/4.59988e-79/SbCBF6 [Sorghum bicolor] 
GRMZM2G460383_T01,-1.872244453,-2.05444778402237,-1.80652027057879,-,GO:0003824//catalytic activity,-,gi|226496119|ref|NP_001141536.1|/5.80836e-164/hypothetical protein LOC100273650 [Zea mays]
GRMZM2G045970_T01,-1.864802261,-2.30049923082852,-1.80126660413325,GO:0031410//cytoplasmic vesicle,GO:0070567,GO:0008152//metabolic process,gi|293337205|ref|NP_001170703.1|/0/hypothetical protein LOC100384780 [Zea mays]
GRMZM2G127598_T01,-1.836403455,-1.714545111695,-1.61470984411521,-,-,-,"gi|226510594|ref|NP_001148232.1|/0/fructose-2,6-bisphosphatase [Zea mays]"
GRMZM2G162356_T01,-1.827819025,-1.93022003186263,-1.27163942452519,-,GO:0046914//transition metal ion binding;GO:0019787//small conjugating protein ligase activity,GO:0000278//mitotic cell cycle,gi|242041197|ref|XP_002467993.1|/1.35924e-51/hypothetical protein SORBIDRAFT_01g037740 [Sorghum bicolor]
GRMZM2G073928_T01,-1.824051211,-2.11950709445609,-1.88591646651478,-,GO:0004672//protein kinase activity;GO:0032559,GO:0006464//protein modification process,gi|242047852|ref|XP_002461672.1|/0/hypothetical protein SORBIDRAFT_02g006190 [Sorghum bicolor]
GRMZM2G015886_T01,-1.815148027,-2.71606825327294,-2.00097183906732,GO:0031224//intrinsic to membrane;GO:0043231//intracellular membrane-bounded organelle,GO:0016759//cellulose synthase activity,GO:0045229//external encapsulating structure organization;GO:0009250//glucan biosynthetic process;GO:0006970//response to osmotic stress;GO:0048513//organ development;GO:0042546//cell wall biogenesis,gi|242085828|ref|XP_002443339.1|/0/hypothetical protein SORBIDRAFT_08g017750 [Sorghum bicolor]
GRMZM5G861451_T01,-1.815148027,-1.09745536310987,-1.936334373501,-,-,-,gi|219884765|gb|ACL52757.1|/2.01109e-22/unknown [Zea mays]
GRMZM2G136665_T01,-1.81111439,-2.56353363666232,-2.19788416434564,GO:0042575;GO:0016020//membrane,GO:0003676//nucleic acid binding;GO:0034061;GO:0032559,GO:0006259//DNA metabolic process;GO:0035315//hair cell differentiation;GO:0000904//cell morphogenesis involved in differentiation,gi|242058891|ref|XP_002458591.1|/0/hypothetical protein SORBIDRAFT_03g036320 [Sorghum bicolor]
GRMZM2G320023_T01,-1.80184026,-1.99387389720316,-1.35609469803856,GO:0031410//cytoplasmic vesicle,-,-,gi|293331971|ref|NP_001168549.1|/8.15644e-80/hypothetical protein LOC100382329 [Zea mays]
GRMZM2G473788_T01,-1.800047499,-1.25459104343042,-1.4522389871229,GO:0044464//cell part,-,-,gi|226493129|ref|NP_001144729.1|/0/hypothetical protein LOC100277773 [Zea mays]
GRMZM2G052855_T01,-1.79252991,-1.14292527560743,-1.01775525673886,-,-,-,gi|195608342|gb|ACG26001.1|/1.89041e-129/COV1-like protein [Zea mays]
GRMZM5G867882_T01,-1.790428649,-1.48571789849997,-1.35266714075666,GO:0031224//intrinsic to membrane;GO:0043231//intracellular membrane-bounded organelle;GO:0033176,GO:0017111//nucleoside-triphosphatase activity;GO:0005488//binding;GO:0015077//monovalent inorganic cation transmembrane transporter activity,GO:0006818//hydrogen transport;GO:0006754//ATP biosynthetic process,gi|226495007|ref|NP_001152133.1|/2.85665e-77/LOC100285771 [Zea mays]
GRMZM2G139894_T01,-1.78829066,-2.20073104822349,-2.5917516663838,GO:0043231//intracellular membrane-bounded organelle,GO:0003676//nucleic acid binding;GO:0016462//pyrophosphatase activity;GO:0032559,GO:0006259//DNA metabolic process,gi|253761533|ref|XP_002489145.1|/0/hypothetical protein SORBIDRAFT_0019s004400 [Sorghum bicolor]
GRMZM2G087111_T01,-1.785693549,-1.26438968544581,-3.30472177948103,GO:0005576//extracellular region;GO:0031410//cytoplasmic vesicle,GO:0046914//transition metal ion binding,-,gi|226507622|ref|NP_001152473.1|/2.1288e-111/germin-like protein subfamily 1 member 11 [Zea mays]
GRMZM5G812926_T01,-1.766183659,-1.39383877169216,-1.90203303195922,-,GO:0060089;GO:0005488//binding,GO:0009314//response to radiation,gi|293335125|ref|NP_001168297.1|/0/hypothetical protein LOC100382062 [Zea mays]
GRMZM2G320152_T01,-1.746506361,-1.39614318752637,-1.62525520666919,-,-,-,gi|224029935|gb|ACN34043.1|/0/unknown [Zea mays]
GRMZM2G057852_T01,-1.733997521,-1.19057284057752,-1.38438091337604,GO:0000785//chromatin;GO:0043231//intracellular membrane-bounded organelle,GO:0003676//nucleic acid binding,GO:0034728,gi|226497294|ref|NP_001142082.1|/6.23577e-43/histone H2B.3 [Zea mays] 
GRMZM2G029400_T01,-1.732102182,-1.40832566296744,-1.20372320989238,GO:0031410//cytoplasmic vesicle,GO:0016787//hydrolase activity,GO:0044238//primary metabolic process,gi|226507422|ref|NP_001141565.1|/0/hypothetical protein LOC100273681 [Zea mays]
GRMZM2G159105_T01,-1.720055816,-1.39812772076876,-1.29208608335844,GO:0031410//cytoplasmic vesicle,GO:0004672//protein kinase activity;GO:0032559,GO:0009056//catabolic process;GO:0006464//protein modification process,gi|242058637|ref|XP_002458464.1|/0/hypothetical protein SORBIDRAFT_03g034160 [Sorghum bicolor]
GRMZM2G048962_T01,-1.714203754,-1.17679060509939,-3.34822707345931,GO:0031410//cytoplasmic vesicle,"GO:0016788//hydrolase activity, acting on ester bonds",GO:0044238//primary metabolic process,gi|195654907|gb|ACG46921.1|/0/anther-specific proline-rich protein APG [Zea mays]
AC234156.1_FGT005,-1.704323153,-1.73180388905043,-1.51508467612917,GO:0031225//anchored to membrane,-,-,gi|226508776|ref|NP_001147865.1|/3.94877e-91/fasciclin-like arabinogalactan protein 7 [Zea mays]
GRMZM2G147560_T01,-1.699340522,-1.91460850876936,-2.89812038598078,GO:0044464//cell part,-,GO:0051234//establishment of localization,gi|242048052|ref|XP_002461772.1|/0/hypothetical protein SORBIDRAFT_02g007870 [Sorghum bicolor]
GRMZM2G170061_T01,-1.695108424,-1.36690500360574,-1.32542836762959,-,"GO:0032559;GO:0042623//ATPase activity, coupled",-,gi|219884305|gb|ACL52527.1|/2.07311e-157/unknown [Zea mays]
GRMZM2G049378_T01,-1.687212559,-1.86941589018985,-1.55490526686498,-,GO:0003676//nucleic acid binding,GO:0010468//regulation of gene expression,gi|226529079|ref|NP_001148292.1|/1.78716e-46/SANT/MYB protein [Zea mays]
GRMZM2G585025_T02,-1.687212559,-1.09412217736455,-1.56985560833095,GO:0044464//cell part,GO:0005488//binding;GO:0004527//exonuclease activity,-,gi|238009286|gb|ACR35678.1|/0/unknown [Zea mays]
GRMZM2G319649_T01,-1.687212559,-2.86941589018985,-1.84193515376775,GO:0031410//cytoplasmic vesicle,GO:0032559,-,gi|226493536|ref|NP_001147299.1|/7.48762e-71/LOC100280907 [Zea mays]
GRMZM2G122954_T01,-1.685514888,-1.00371669172728,-1.83641289165407,-,-,-,gi|293335513|ref|NP_001169451.1|/0/hypothetical protein LOC100383322 [Zea mays]
GRMZM2G128315_T01,-1.669444566,-1.55104986523103,-1.45384770620566,GO:0031410//cytoplasmic vesicle,GO:0004672//protein kinase activity;GO:0032559,GO:0006464//protein modification process,gi|242088263|ref|XP_002439964.1|/0/hypothetical protein SORBIDRAFT_09g023480 [Sorghum bicolor]
GRMZM2G090241_T01,-1.663198989,-2.84288232780703,-1.35601747904662,GO:0009536//plastid,"GO:0016628//oxidoreductase activity, acting on the CH-CH group of donors, NAD or NADP as acceptor",GO:0009089//lysine biosynthetic process via diaminopimelate,gi|195625232|gb|ACG34446.1|/1.99247e-178/dihydrodipicolinate reductase [Zea mays]
GRMZM2G025441_T01,-1.659830422,-2.334930760085,-2.94686030840643,GO:0031410//cytoplasmic vesicle,GO:0016209//antioxidant activity;GO:0005506//iron ion binding;GO:0003824//catalytic activity,GO:0042743//hydrogen peroxide metabolic process;GO:0006950//response to stress,gi|162460829|ref|NP_001106040.1|/2.44175e-154/peroxidase 70 precursor [Zea mays]
GRMZM2G389173_T01,-1.659081915,-1.05914457072378,-1.11999977611063,GO:0043231//intracellular membrane-bounded organelle;GO:0016020//membrane;GO:0031410//cytoplasmic vesicle,GO:0003824//catalytic activity,GO:0033554//cellular response to stress;GO:0019725//cellular homeostasis,gi|162458045|ref|NP_001105804.1|/0/protein disulfide isomerase8 [Zea mays]
GRMZM2G166855_T01,-1.655697012,-1.92687404425194,-1.46196488538282,GO:0005618//cell wall;GO:0031410//cytoplasmic vesicle;GO:0005789//endoplasmic reticulum membrane,GO:0004576//oligosaccharyl transferase activity,GO:0006950//response to stress;GO:0006487//protein N-linked glycosylation,gi|226532251|ref|NP_001146350.1|/0/hypothetical protein LOC100279928 [Zea mays]
GRMZM2G418258_T01,-1.646047315,-1.98935903834409,-1.4927077735116,GO:0000785//chromatin;GO:0009536//plastid;GO:0031981//nuclear lumen,GO:0003676//nucleic acid binding,GO:0034728,gi|195618226|gb|ACG30943.1|/2.45443e-61/histone H3 [Zea mays]
GRMZM2G095921_T01,-1.634232118,-1.42804050815332,-1.54745567509809,-,-,-,gi|242088193|ref|XP_002439929.1|/4.11693e-127/hypothetical protein SORBIDRAFT_09g022800 [Sorghum bicolor]
GRMZM2G313184_T01,-1.629176911,-1.60148839781203,-1.38934226395116,GO:0031410//cytoplasmic vesicle,GO:0016209//antioxidant activity;GO:0005506//iron ion binding;GO:0003824//catalytic activity,GO:0006950//response to stress;GO:0008152//metabolic process,gi|242077957|ref|XP_002443747.1|/9.68812e-142/hypothetical protein SORBIDRAFT_07g001280 [Sorghum bicolor]
GRMZM2G020974_T01,-1.622051819,-3.02511667706914,-2.80442856194495,GO:0043231//intracellular membrane-bounded organelle;GO:0044427,-,GO:0007059//chromosome segregation,gi|226500252|ref|NP_001150510.1|/1.15546e-144/shugoshin-1 [Zea mays]
GRMZM2G076104_T02,-1.62006149,-1.32388296651558,-1.68767618716974,GO:0031981//nuclear lumen,-,-,gi|226508562|ref|NP_001145952.1|/1.50812e-140/hypothetical protein LOC100279478 [Zea mays]
GRMZM2G432722_T01,-1.611689358,-1.54330238277232,-1.11717570483167,GO:0043231//intracellular membrane-bounded organelle;GO:0016020//membrane;GO:0031410//cytoplasmic vesicle,GO:0004672//protein kinase activity;GO:0032559,GO:0006464//protein modification process,gi|242093772|ref|XP_002437376.1|/0/hypothetical protein SORBIDRAFT_10g025840 [Sorghum bicolor]
GRMZM2G127648_T01,-1.598532199,-1.43689380900788,-1.81042775610723,-,GO:0003676//nucleic acid binding;GO:0032561;GO:0003824//catalytic activity,GO:0006810//transport;GO:0035556//intracellular signal transduction,gi|226492842|ref|NP_001148331.1|/1.98818e-117/LOC100281941 [Zea mays]
GRMZM2G051637_T01,-1.585945598,-1.40329229160574,-1.62481848953527,GO:0016023//cytoplasmic membrane-bounded vesicle;GO:0016020//membrane,GO:0004672//protein kinase activity;GO:0004871//signal transducer activity;GO:0042802//identical protein binding;GO:0032559,GO:0010102//lateral root morphogenesis;GO:0009725//response to hormone stimulus;GO:0006520//cellular amino acid metabolic process;GO:0008356//asymmetric cell division;GO:0003006//developmental process involved in reproduction;GO:0006464//protein modification process,gi|1597723|gb|AAB09771.1|/0/CRINKLY4 precursor [Zea mays]
GRMZM2G444138_T01,-1.584962501,-2.02466205423427,-1.86769270789587,-,-,-,gi|226510153|ref|NP_001144765.1|/3.86673e-104/hypothetical protein LOC100277824 [Zea mays]
GRMZM2G476523_T01,-1.581303622,-2.18169616345707,-1.59230821435512,GO:0031410//cytoplasmic vesicle,-,-,gi|226531199|ref|NP_001147654.1|/9.57936e-116/LOC100281263 [Zea mays]
GRMZM2G039280_T01,-1.564543654,-1.52332099148653,-1.26367717485351,-,GO:0005488//binding,GO:0009693//ethylene biosynthetic process,gi|226507759|ref|NP_001147844.1|/0/LOC100281454 [Zea mays]
GRMZM2G099642_T01,-1.549202738,-2.09199578408077,-2.06844105610188,GO:0016020//membrane,GO:0046914//transition metal ion binding;GO:0003824//catalytic activity,GO:0008152//metabolic process;GO:0006950//response to stress,gi|242096302|ref|XP_002438641.1|/4.66731e-172/hypothetical protein SORBIDRAFT_10g023500 [Sorghum bicolor]
GRMZM2G029029_T01,-1.546942617,-1.03083930640728,-1.2060478999553,GO:0043231//intracellular membrane-bounded organelle,GO:0003676//nucleic acid binding,-,gi|226495617|ref|NP_001141163.1|/8.42521e-146/hypothetical protein LOC100273249 [Zea mays]
GRMZM2G014346_T01,-1.532586887,-1.13249972962851,-1.53258688744138,GO:0043231//intracellular membrane-bounded organelle,GO:0003677//DNA binding;GO:0001071//nucleic acid binding transcription factor activity,"GO:0010468//regulation of gene expression;GO:0006351//transcription, DNA-dependent",gi|242053937|ref|XP_002456114.1|/0/hypothetical protein SORBIDRAFT_03g030770 [Sorghum bicolor]
GRMZM2G071413_T01,-1.514395051,-1.20175855930196,-1.33382280569368,-,-,-,-
GRMZM2G083788_T01,-1.502835734,-1.323437979945,-2.02230493543073,GO:0031224//intrinsic to membrane,-,-,gi|242066780|ref|XP_002454679.1|/0/hypothetical protein SORBIDRAFT_04g035500 [Sorghum bicolor]
GRMZM2G181153_T01,-1.500655366,-1.85081379326594,-4.18466953628943,GO:0000785//chromatin;GO:0016020//membrane;GO:0009536//plastid;GO:0031981//nuclear lumen,GO:0003676//nucleic acid binding,GO:0006950//response to stress;GO:0034728,gi|195617694|gb|ACG30677.1|/5.48566e-39/histone H4 [Zea mays]
GRMZM2G021069_T01,-1.500581225,-3.34857813134934,-3.01787389897774,GO:0043231//intracellular membrane-bounded organelle,GO:0003676//nucleic acid binding;GO:0032559,GO:0006259//DNA metabolic process,gi|162461434|ref|NP_001105289.1|/0/minichromosome maintenance protein [Zea mays]
GRMZM2G171987_T01,-1.500428991,-1.64296810415672,-1.61548736773461,-,GO:0004672//protein kinase activity;GO:0032559,GO:0006464//protein modification process,gi|226508626|ref|NP_001151441.1|/0/ATP binding protein [Zea mays]
GRMZM2G056986_T01,-1.495178922,-1.10225005824795,-1.35845397091248,GO:0043231//intracellular membrane-bounded organelle,GO:0003676//nucleic acid binding,GO:0010468//regulation of gene expression,gi|242059267|ref|XP_002458779.1|/1.32941e-93/hypothetical protein SORBIDRAFT_03g040160 [Sorghum bicolor]
AC233922.1_FGT005,-1.493040011,-1.71602625647384,-1.20645087746743,GO:0043231//intracellular membrane-bounded organelle,GO:0004486//methylenetetrahydrofolate dehydrogenase activity;GO:0019238//cyclohydrolase activity,GO:0006760//folic acid-containing compound metabolic process,gi|219884419|gb|ACL52584.1|/2.06241e-174/unknown [Zea mays]
GRMZM2G321153_T03,-1.493040011,-1.28137399653673,-1.69129373578092,-,GO:0004672//protein kinase activity;GO:0032559,GO:0006464//protein modification process,gi|242070693|ref|XP_002450623.1|/0/hypothetical protein SORBIDRAFT_05g008360 [Sorghum bicolor]
GRMZM2G058345_T01,-1.476008152,-1.19625987213598,-1.51630085747908,GO:0031461//cullin-RING ubiquitin ligase complex,-,-,gi|226499228|ref|NP_001147117.1|/0/nucleotide binding protein [Zea mays]
GRMZM2G128057_T01,-1.475641846,-1.82690343466409,-1.801140338599,GO:0043231//intracellular membrane-bounded organelle,-,-,gi|226498952|ref|NP_001143206.1|/0/hypothetical protein LOC100275709 [Zea mays]
GRMZM2G060045_T01,-1.473084461,-1.28366328360458,-1.03998875078031,GO:0031224//intrinsic to membrane;GO:0005778//peroxisomal membrane,"GO:0042626//ATPase activity, coupled to transmembrane movement of substances;GO:0032559",GO:0015915;GO:0009845//seed germination,gi|242086563|ref|XP_002439114.1|/0/hypothetical protein SORBIDRAFT_09g000670 [Sorghum bicolor]
GRMZM2G376957_T01,-1.472854457,-2.06403995148848,-1.45502625005916,GO:0000785//chromatin;GO:0009536//plastid;GO:0031981//nuclear lumen,GO:0003676//nucleic acid binding,GO:0034728,gi|308809453|ref|XP_003082036.1|/4.67785e-59/Histones H3 and H4 (ISS) [Ostreococcus tauri]
GRMZM2G128613_T01,-1.471450808,-1.45531475237723,-1.19812714295881,-,-,-,gi|242036457|ref|XP_002465623.1|/0/hypothetical protein SORBIDRAFT_01g042440 [Sorghum bicolor]
GRMZM2G398848_T01,-1.456093333,-2.21979530985041,-1.44391861926597,-,GO:0043178//alcohol binding,GO:0019941//modification-dependent protein catabolic process;GO:0009755//hormone-mediated signaling pathway,gi|242036685|ref|XP_002465737.1|/0/hypothetical protein SORBIDRAFT_01g044720 [Sorghum bicolor]
GRMZM2G131749_T01,-1.45507396,-1.80985093486167,-2.44825269454429,GO:0044464//cell part,GO:0005488//binding;GO:0004672//protein kinase activity,GO:0009888//tissue development;GO:0007275//multicellular organismal development,gi|242087059|ref|XP_002439362.1|/0/hypothetical protein SORBIDRAFT_09g005150 [Sorghum bicolor]
GRMZM2G029856_T01,-1.449548326,-1.04165643310263,-1.62948711576428,GO:0044421//extracellular region part,"GO:0016623;GO:0016616//oxidoreductase activity, acting on the CH-OH group of donors, NAD or NADP as acceptor;GO:0048037//cofactor binding",GO:0006005//L-fucose biosynthetic process;GO:0019852//L-ascorbic acid metabolic process,gi|226491108|ref|NP_001150237.1|/0/GDP-L-fucose synthase 1 [Zea mays]
GRMZM2G168690_T01,-1.440307536,-1.44030753626106,-1.17643411031587,GO:0044424//intracellular part,GO:0046914//transition metal ion binding,GO:0032446//protein modification by small protein conjugation,gi|194700452|gb|ACF84310.1|/4.29028e-124/unknown [Zea mays]
GRMZM2G174917_T01,-1.39778098,-1.19991015040515,-1.25938662881865,-,-,-,gi|224035903|gb|ACN37027.1|/8.41072e-51/unknown [Zea mays]
GRMZM2G175995_T01,-1.394784078,-1.05827060474895,-1.12491294613365,-,-,-,gi|226533494|ref|NP_001142457.1|/6.0705e-11/hypothetical protein LOC100274662 [Zea mays]
GRMZM2G167649_T01,-1.380031049,-2.33463914663691,-2.84193515376775,-,-,-,gi|226531690|ref|NP_001145535.1|/1.43287e-62/hypothetical protein LOC100278970 [Zea mays]
GRMZM2G355316_T01,-1.376724688,-1.65939335208786,-2.89556829785572,-,-,-,gi|308080098|ref|NP_001182887.1|/8.4317e-06/hypothetical protein LOC100501163 [Zea mays]
GRMZM2G404676_T01,-1.373855887,-1.83234364224346,-1.44085019289557,GO:0031410//cytoplasmic vesicle,GO:0016209//antioxidant activity;GO:0005506//iron ion binding;GO:0003824//catalytic activity,GO:0006950//response to stress;GO:0008152//metabolic process,gi|242042670|ref|XP_002459206.1|/2.62114e-129/hypothetical protein SORBIDRAFT_02g000520 [Sorghum bicolor]
GRMZM2G179424_T01,-1.368753951,-2.39123796515946,-2.12946300509826,GO:0031410//cytoplasmic vesicle,-,-,gi|218201713|gb|EEC84140.1|/0/hypothetical protein OsI_30493 [Oryza sativa Indica Group]
GRMZM2G166082_T02,-1.364093034,-2.56254878970546,-1.75052552865683,-,-,-,gi|242033399|ref|XP_002464094.1|/0/hypothetical protein SORBIDRAFT_01g012230 [Sorghum bicolor]
GRMZM2G141517_T01,-1.357244924,-2.08084440026495,-1.62481848953527,GO:0009536//plastid;GO:0016020//membrane;GO:0031410//cytoplasmic vesicle,GO:0004871//signal transducer activity;GO:0016491//oxidoreductase activity;GO:0016160//amylase activity;GO:0004674//protein serine/threonine kinase activity;GO:0032559,GO:0003006//developmental process involved in reproduction;GO:0007167//enzyme linked receptor protein signaling pathway;GO:0005982//starch metabolic process;GO:0009933//meristem structural organization;GO:0006464//protein modification process;GO:0006950//response to stress;GO:0010073//meristem maintenance,gi|242047362|ref|XP_002461427.1|/0/hypothetical protein SORBIDRAFT_02g002450 [Sorghum bicolor]
GRMZM2G054468_T01,-1.357114197,-1.43657471288167,-1.29100440084822,GO:0043231//intracellular membrane-bounded organelle,GO:0005488//binding,-,gi|195626448|gb|ACG35054.1|/1.23358e-117/THO complex subunit 4 [Zea mays]
GRMZM2G049342_T01,-1.356862658,-1.44336711527071,-1.173633426844,-,GO:0035004//phosphatidylinositol 3-kinase activity;GO:0032559,GO:0003006//developmental process involved in reproduction,gi|162463339|ref|NP_001105293.1|/0/LOC542211 [Zea mays]
GRMZM2G349651_T02,-1.350590437,-2.18388557690672,-2.09434112016771,GO:0000785//chromatin;GO:0016020//membrane;GO:0009536//plastid;GO:0031981//nuclear lumen,GO:0003676//nucleic acid binding,GO:0006950//response to stress;GO:0034728,gi|302398709|gb|ADL36649.1|/5.19745e-39/C3HL domain class transcription factor [Malus x domestica]
GRMZM2G173035_T01,-1.350456309,-2.20556938088467,-1.55417951842453,-,GO:0004721//phosphoprotein phosphatase activity,GO:0006796//phosphate metabolic process;GO:0006464//protein modification process,gi|212275768|ref|NP_001130071.1|/4.27725e-180/hypothetical protein LOC100191164 [Zea mays]
GRMZM2G164676_T02,-1.347080115,-1.16442680889314,-1.18537374733805,GO:0031410//cytoplasmic vesicle;GO:0043231//intracellular membrane-bounded organelle,GO:0043167//ion binding;GO:0015925,GO:0044238//primary metabolic process,gi|308080211|ref|NP_001183649.1|/0/hypothetical protein LOC100502243 [Zea mays]
GRMZM2G119133_T01,-1.343643576,-1.42449782852791,-1.34022891163031,-,-,GO:0009725//response to hormone stimulus,gi|242050384|ref|XP_002462936.1|/0/hypothetical protein SORBIDRAFT_02g034880 [Sorghum bicolor]
GRMZM2G081857_T01,-1.331676071,-1.71926359243275,-1.81173336256818,GO:0016020//membrane;GO:0031410//cytoplasmic vesicle,GO:0004672//protein kinase activity;GO:0032559,GO:0006464//protein modification process,gi|218200061|gb|EEC82488.1|/0/hypothetical protein OsI_26945 [Oryza sativa Indica Group]
AC233853.1_FGT003,-1.330457894,-1.4269414182735,-1.5528503155674,GO:0031410//cytoplasmic vesicle,"GO:0016717//oxidoreductase activity, acting on paired donors, with oxidation of a pair of donors resulting in the reduction of molecular oxygen to two molecules of water;GO:0005506//iron ion binding",GO:0006091//generation of precursor metabolites and energy,gi|242051619|ref|XP_002454955.1|/0/hypothetical protein SORBIDRAFT_03g002060 [Sorghum bicolor]
GRMZM2G391364_T01,-1.330148602,-2.13886519920816,-1.81775472692182,GO:0016020//membrane;GO:0043231//intracellular membrane-bounded organelle,"GO:0016628//oxidoreductase activity, acting on the CH-CH group of donors, NAD or NADP as acceptor;GO:0046872//metal ion binding;GO:0016772//transferase activity, transferring phosphorus-containing groups",GO:0008152//metabolic process,gi|226528336|ref|NP_001148586.1|/1.08911e-79/LOC100282202 [Zea mays]
GRMZM2G027167_T01,-1.327941839,-1.06129617926887,-2.88781335841337,GO:0031410//cytoplasmic vesicle,GO:0005488//binding,GO:0006810//transport,gi|226510419|ref|NP_001149174.1|/3.64692e-47/cortical cell-delineating protein [Zea mays]
GRMZM2G431821_T01,-1.322768181,-1.90830374823618,-1.79799439917518,GO:0043231//intracellular membrane-bounded organelle;GO:0030529//ribonucleoprotein complex,GO:0043169//cation binding;GO:0005198//structural molecule activity,GO:0010467//gene expression,gi|212724120|ref|NP_001131602.1|/1.18446e-69/ubiquitin [Zea mays]
GRMZM2G021877_T01,-1.321229284,-1.04833125008599,-1.25550510178097,-,-,-,gi|226532892|ref|NP_001148379.1|/2.99102e-59/60S ribosomal protein L18A [Zea mays]
GRMZM2G088543_T01,-1.317459237,-2.21693236133575,-1.96900484789216,GO:0031410//cytoplasmic vesicle,-,-,gi|242065338|ref|XP_002453958.1|/3.23327e-30/hypothetical protein SORBIDRAFT_04g022210 [Sorghum bicolor]
GRMZM2G169825_T01,-1.310861209,-1.9044026948087,-1.5278781030678,-,-,-,gi|242038193|ref|XP_002466491.1|/0/hypothetical protein SORBIDRAFT_01g008670 [Sorghum bicolor]
GRMZM2G367701_T01,-1.30311056,-1.08216686976996,-1.25656797362582,GO:0031410//cytoplasmic vesicle;GO:0030312//external encapsulating structure,GO:0004175//endopeptidase activity;GO:0016491//oxidoreductase activity,GO:0051234//establishment of localization;GO:0019538//protein metabolic process;GO:0012501//programmed cell death,gi|226533314|ref|NP_001150119.1|/6.08168e-173/xylem cysteine proteinase 2 [Zea mays]
GRMZM2G019695_T01,-1.297865844,-1.21676436145304,-1.26079341573774,GO:0009526//plastid envelope,-,-,gi|162461304|ref|NP_001105288.1|/1.77078e-110/LOC542205 [Zea mays]
GRMZM2G181542_T01,-1.292567107,-1.69018245469482,-1.72201726448911,GO:0031980,GO:0046914//transition metal ion binding;GO:0022892;GO:0016597//amino acid binding,GO:0006631//fatty acid metabolic process,gi|226529075|ref|NP_001148737.1|/1.21179e-52/LOC100282353 [Zea mays]
GRMZM2G153227_T01,-1.274060348,-1.46130308998313,-1.26705335217253,GO:0016604//nuclear body;GO:0032991//macromolecular complex,GO:0005488//binding,GO:0000741//karyogamy,gi|47847547|dbj|BAD21599.1|/3.11253e-31/nucleolar RNA-binding Nop10p-like protein [Oryza sativa Japonica Group]
GRMZM2G112686_T01,-1.269928627,-2.04153122251927,-1.8000046342261,GO:0031410//cytoplasmic vesicle,GO:0016787//hydrolase activity,GO:0044238//primary metabolic process,gi|226499610|ref|NP_001149156.1|/0/esterase [Zea mays]
GRMZM2G094705_T01,-1.261720903,-1.11016801872437,-1.53877753757674,GO:0044464//cell part,GO:0016790//thiolester hydrolase activity,GO:0019941//modification-dependent protein catabolic process,gi|293332145|ref|NP_001167911.1|/4.83201e-120/hypothetical protein LOC100381623 [Zea mays]
GRMZM2G101058_T01,-1.253661418,-1.16359771990108,-1.61939599778503,-,GO:0046914//transition metal ion binding;GO:0003677//DNA binding;GO:0001071//nucleic acid binding transcription factor activity,"GO:0006351//transcription, DNA-dependent",gi|226499316|ref|NP_001147669.1|/1.15806e-113/GATA transcription factor 9 [Zea mays]
GRMZM2G401561_T01,-1.250103634,-1.35595826652482,-1.2807707701306,GO:0009501//amyloplast,GO:0046914//transition metal ion binding;GO:0008235//metalloexopeptidase activity,GO:0005982//starch metabolic process;GO:0000377;GO:0019538//protein metabolic process,gi|242083614|ref|XP_002442232.1|/0/hypothetical protein SORBIDRAFT_08g016670 [Sorghum bicolor]
GRMZM2G059325_T01,-1.250103634,-1.40732665761523,-1.61543485294542,GO:0031224//intrinsic to membrane,-,-,gi|226502328|ref|NP_001150219.1|/1.84063e-82/LOC100283849 [Zea mays]
GRMZM2G447984_T01,-1.250021572,-1.94771067961117,-1.62358586554661,GO:0000785//chromatin;GO:0009536//plastid;GO:0031981//nuclear lumen,GO:0003676//nucleic acid binding,GO:0034728,"gi|300681467|emb|CBH32561.1|/2.07445e-58/histone H3, expressed [Triticum aestivum] "
GRMZM5G881464_T02,-1.247007955,-1.03840453911265,-1.18128377287431,GO:0015630//microtubule cytoskeleton;GO:0044431//Golgi apparatus part;GO:0016020//membrane,GO:0003774//motor activity;GO:0032559,GO:0007017//microtubule-based process;GO:0000904//cell morphogenesis involved in differentiation,gi|254939547|ref|NP_001157211.1|/0/ATP binding protein [Zea mays]
GRMZM5G800975_T01,-1.246774082,-1.7305328127546,-1.27202978274632,GO:0043231//intracellular membrane-bounded organelle;GO:0016020//membrane,GO:0016301//kinase activity,GO:0006665//sphingolipid metabolic process;GO:0007186//G-protein coupled receptor protein signaling pathway,gi|242073866|ref|XP_002446869.1|/0/hypothetical protein SORBIDRAFT_06g023990 [Sorghum bicolor]
GRMZM2G129540_T01,-1.245609103,-1.68862901472028,-1.91490487054395,-,"GO:0016811//hydrolase activity, acting on carbon-nitrogen (but not peptide) bonds, in linear amides",-,gi|226492533|ref|NP_001149875.1|/3.06412e-158/transposon protein [Zea mays]
GRMZM2G109032_T01,-1.242856524,-1.50268849769161,-1.53503727538948,-,GO:0016741,-,gi|226509856|ref|NP_001151887.1|/2.33715e-136/S-adenosylmethionine-dependent methyltransferase/ catalytic [Zea mays]
GRMZM2G097340_T01,-1.2410081,-1.34548282286626,-4.31609901608516,GO:0031410//cytoplasmic vesicle,-,-,gi|242055727|ref|XP_002457009.1|/2.32775e-160/hypothetical protein SORBIDRAFT_03g047140 [Sorghum bicolor]
GRMZM2G139977_T01,-1.240276602,-1.24027660244622,-1.70119446314438,GO:0043231//intracellular membrane-bounded organelle,GO:0004468//lysine N-acetyltransferase activity;GO:0046914//transition metal ion binding;GO:0008134//transcription factor binding,"GO:0009791//post-embryonic development;GO:0043543;GO:0006351//transcription, DNA-dependent",gi|222622134|gb|EEE56266.1|/0/hypothetical protein OsJ_05304 [Oryza sativa Japonica Group]
GRMZM2G104907_T01,-1.232660757,-1.26832660593991,-1.45859903150951,GO:0000322;GO:0031224//intrinsic to membrane,GO:0005488//binding,GO:0006810//transport,gi|195638068|gb|ACG38502.1|/1.15651e-104/VAP27 [Zea mays]
GRMZM2G054012_T01,-1.229930818,-1.42620836528503,-1.1096244911745,GO:0015935//small ribosomal subunit;GO:0031981//nuclear lumen,GO:0016741;GO:0005198//structural molecule activity,GO:0010467//gene expression,gi|226509527|ref|NP_001150550.1|/1.79769e-21/LOC100284182 [Zea mays]
GRMZM2G022777_T01,-1.223153939,-2.37848987151359,-1.819587703696,-,"GO:0032559;GO:0042623//ATPase activity, coupled",GO:0043170,gi|226493482|ref|NP_001140965.1|/0/hypothetical protein LOC100273044 [Zea mays]
GRMZM2G092867_T01,-1.220644759,-1.59915638230391,-2.20381468436599,-,GO:0043169//cation binding,GO:0006812//cation transport,gi|226501778|ref|NP_001151480.1|/4.32524e-23/metal ion binding protein [Zea mays]
GRMZM2G016948_T01,-1.219690596,-1.06991216729803,-1.23084838551309,GO:0043231//intracellular membrane-bounded organelle,-,-,gi|194702222|gb|ACF85195.1|/2.79789e-68/unknown [Zea mays]
GRMZM2G138659_T01,-1.212753973,-1.17058451918677,-1.21683515024253,GO:0043231//intracellular membrane-bounded organelle,-,-,gi|242082640|ref|XP_002441745.1|/1.25443e-157/hypothetical protein SORBIDRAFT_08g001630 [Sorghum bicolor]
GRMZM2G113629_T01,-1.210658793,-2.10666806129648,-1.05401531221706,GO:0031410//cytoplasmic vesicle,"GO:0016862//intramolecular oxidoreductase activity, interconverting keto- and enol-groups",GO:0019725//cellular homeostasis,gi|162462334|ref|NP_001105761.1|/1.89073e-176/protein disulfide isomerase10 [Zea mays]
GRMZM2G050925_T01,-1.204819792,-1.80206062238809,-1.62393846797916,-,-,-,gi|224030837|gb|ACN34494.1|/6.27626e-57/unknown [Zea mays]
GRMZM2G130746_T02,-1.199094658,-1.22539386841256,-1.01442097211262,GO:0000785//chromatin;GO:0043231//intracellular membrane-bounded organelle,GO:0003676//nucleic acid binding,GO:0034728,gi|195637852|gb|ACG38394.1|/1.87754e-39/histone H2A [Zea mays]
GRMZM2G178917_T01,-1.185245801,-1.39485961734121,-1.33667854625268,GO:0044464//cell part,GO:0008757//S-adenosylmethionine-dependent methyltransferase activity,GO:0006629//lipid metabolic process,gi|226509614|ref|NP_001147782.1|/0/cyclopropane fatty acid synthase [Zea mays]
GRMZM2G102000_T01,-1.169769211,-1.59936765011185,-1.64346674584176,GO:0043234//protein complex;GO:0031410//cytoplasmic vesicle,-,GO:0009894,gi|242077116|ref|XP_002448494.1|/0/hypothetical protein SORBIDRAFT_06g027940 [Sorghum bicolor]
GRMZM2G175406_T01,-1.169098479,-1.4026891068512,-2.54019263060113,-,-,-,gi|293335651|ref|NP_001168637.1|/6.87524e-127/hypothetical protein LOC100382423 [Zea mays]
GRMZM2G476848_T01,-1.168603973,-1.19176425793769,-1.2359068131809,-,-,-,-
GRMZM2G030858_T01,-1.159952915,-1.87824466824037,-1.23170391822457,-,-,-,gi|242037389|ref|XP_002466089.1|/2.6919e-160/hypothetical protein SORBIDRAFT_01g001010 [Sorghum bicolor]
GRMZM2G146395_T01,-1.153359549,-1.56076188741226,-1.69108368638283,GO:0043231//intracellular membrane-bounded organelle,GO:0051536//iron-sulfur cluster binding;GO:0043169//cation binding,GO:0006091//generation of precursor metabolites and energy,gi|212274627|ref|NP_001130605.1|/8.29482e-86/hypothetical protein LOC100191704 [Zea mays]
GRMZM2G012224_T01,-1.150148638,-3.21427897512601,-1.46780629521542,GO:0030312//external encapsulating structure;GO:0031410//cytoplasmic vesicle,-,-,gi|226501832|ref|NP_001144239.1|/0/hypothetical protein LOC100277106 [Zea mays]
GRMZM2G323679_T01,-1.147139682,-3.22797075613905,-2.76720598320308,GO:0044424//intracellular part,GO:0046872//metal ion binding;GO:0016728,GO:0006259//DNA metabolic process;GO:0032501//multicellular organismal process;GO:0007049//cell cycle;GO:0008219//cell death;GO:0009132//nucleoside diphosphate metabolic process,gi|195619132|gb|ACG31396.1|/0/ribonucleoside-diphosphate reductase small chain [Zea mays] 
GRMZM2G126038_T01,-1.129038513,-1.53158015042146,-1.3495781274922,GO:0005746//mitochondrial respiratory chain;GO:0030964;GO:0009536//plastid,GO:0043169//cation binding;GO:0051536//iron-sulfur cluster binding;GO:0050136//NADH dehydrogenase (quinone) activity,GO:0022904//respiratory electron transport chain;GO:0051234//establishment of localization;GO:0003006//developmental process involved in reproduction;GO:0043094;GO:0006950//response to stress,gi|242033201|ref|XP_002463995.1|/0/hypothetical protein SORBIDRAFT_01g010210 [Sorghum bicolor]
GRMZM2G477685_T01,-1.12631234,-1.04275752727973,-3.08437451006673,GO:0031410//cytoplasmic vesicle,GO:0005488//binding,GO:0006810//transport,gi|162464209|ref|NP_001105602.1|/1.69084e-46/cortical cell-delineating protein precursor [Zea mays]
GRMZM5G804382_T01,-1.122004288,-1.37458617436152,-1.35111741634159,GO:0012510//trans-Golgi network transport vesicle membrane;GO:0009536//plastid;GO:0005905//coated pit,GO:0005488//binding,GO:0015031//protein transport,gi|242082482|ref|XP_002441666.1|/0/hypothetical protein SORBIDRAFT_08g000480 [Sorghum bicolor]
GRMZM2G096806_T01,-1.12196162,-1.13593196036916,-1.00393641455917,-,-,-,gi|242079899|ref|XP_002444718.1|/0/hypothetical protein SORBIDRAFT_07g026550 [Sorghum bicolor]
GRMZM2G067915_T01,-1.119027255,-1.19817113957499,-1.17308015861216,-,-,-,gi|242068025|ref|XP_002449289.1|/2.2673e-146/hypothetical protein SORBIDRAFT_05g007270 [Sorghum bicolor]
GRMZM2G325749_T01,-1.1182959,-1.21957923544495,-1.01794537427531,GO:0043231//intracellular membrane-bounded organelle;GO:0030529//ribonucleoprotein complex,GO:0005198//structural molecule activity,GO:0010467//gene expression;GO:0022613//ribonucleoprotein complex biogenesis,gi|226496289|ref|NP_001152098.1|/1.19186e-47/50S ribosomal protein L18 [Zea mays]
GRMZM2G098237_T01,-1.117500917,-1.27399626133025,-1.23301469932377,-,-,-,gi|223975447|gb|ACN31911.1|/2.06984e-65/unknown [Zea mays]
GRMZM2G083475_T01,-1.11450625,-2.30454989408465,-2.39701966422008,GO:0016020//membrane;GO:0015630//microtubule cytoskeleton,GO:0003774//motor activity;GO:0032559,GO:0007017//microtubule-based process,gi|242084422|ref|XP_002442636.1|/0/hypothetical protein SORBIDRAFT_08g000250 [Sorghum bicolor]
GRMZM2G465046_T01,-1.110230274,-1.26755923938982,-1.15793474821533,GO:0031410//cytoplasmic vesicle,GO:0016787//hydrolase activity,GO:0044238//primary metabolic process,gi|242092528|ref|XP_002436754.1|/2.06892e-170/hypothetical protein SORBIDRAFT_10g008190 [Sorghum bicolor]
GRMZM2G037164_T01,-1.109015429,-1.69754895854039,-2.04449746797706,-,-,-,gi|242033279|ref|XP_002464034.1|/1.57932e-34/hypothetical protein SORBIDRAFT_01g010950 [Sorghum bicolor]
GRMZM2G012631_T01,-1.106930134,-1.70175044273296,-1.61002283570868,GO:0044424//intracellular part,GO:0005515//protein binding;GO:0032559,GO:0044267//cellular protein metabolic process;GO:0050896//response to stimulus,gi|293331695|ref|NP_001170480.1|/0/HSP protein [Zea mays]
AC199315.4_FGT001,-1.102345663,-1.44314820603579,-1.11884725692784,-,-,GO:0006810//transport,gi|195617778|gb|ACG30719.1|/4.86228e-19/protein transport protein Sec61 beta subunit [Zea mays]
GRMZM2G076017_T01,-1.102250058,-2.36528446408174,-1.47445858553839,GO:0043231//intracellular membrane-bounded organelle,-,-,gi|195651705|gb|ACG45320.1|/1.99056e-74/threonine endopeptidase [Zea mays]
GRMZM2G123371_T01,-1.100647149,-2.02266372012433,-1.8408796348137,GO:0010316,GO:0008443//phosphofructokinase activity;GO:0032559,GO:0006007//glucose catabolic process,gi|195604922|gb|ACG24291.1|/0/pyrophosphate--fructose 6-phosphate 1-phosphotransferase alpha subunit [Zea mays]
GRMZM2G072855_T01,-1.096044912,-1.58157651354872,-1.26498802033083,GO:0000785//chromatin;GO:0016020//membrane;GO:0009536//plastid;GO:0031981//nuclear lumen,GO:0003676//nucleic acid binding,GO:0006950//response to stress;GO:0034728,gi|195617694|gb|ACG30677.1|/1.8221e-39/histone H4 [Zea mays]
GRMZM2G084762_T01,-1.084064265,-1.51443908713415,-1.80126660413325,GO:0043231//intracellular membrane-bounded organelle,"GO:0003677//DNA binding;GO:0042623//ATPase activity, coupled;GO:0032559",GO:0006259//DNA metabolic process;GO:0033554//cellular response to stress,gi|162457934|ref|NP_001104919.1|/0/DNA repair protein RAD51 homolog B [Zea mays]
GRMZM2G077079_T01,-1.071353589,-2.1909629912131,-1.79562129327517,-,GO:0003676//nucleic acid binding;GO:0008170//N-methyltransferase activity,GO:0006399//tRNA metabolic process,gi|242041425|ref|XP_002468107.1|/0/hypothetical protein SORBIDRAFT_01g039720 [Sorghum bicolor]
GRMZM2G086882_T01,-1.071272656,-1.88127158966765,-1.41507838214553,GO:0009536//plastid;GO:0005576//extracellular region;GO:0016020//membrane,"GO:0019206//nucleoside kinase activity;GO:0004672//protein kinase activity;GO:0016776//phosphotransferase activity, phosphate group as acceptor;GO:0046914//transition metal ion binding;GO:0032559",GO:0006166//purine ribonucleoside salvage;GO:0010038//response to metal ion;GO:0023060;GO:0009117//nucleotide metabolic process;GO:0034285,gi|293336155|ref|NP_001170222.1|/1.4944e-134/hypothetical protein LOC100384174 [Zea mays]
AC214266.3_FGT002,-1.070598127,-1.36107953783163,-1.3371448775957,GO:0012505//endomembrane system;GO:0031224//intrinsic to membrane,GO:0005402;GO:0015144//carbohydrate transmembrane transporter activity,GO:0008643//carbohydrate transport,gi|226496243|ref|NP_001149907.1|/6.2566e-153/UDP-galactose translocator [Zea mays]
GRMZM2G110558_T01,-1.064484552,-1.90780398281275,-1.55890207236763,-,"GO:0048037//cofactor binding;GO:0016857//racemase and epimerase activity, acting on carbohydrates and derivatives","GO:0006139//nucleobase, nucleoside, nucleotide and nucleic acid metabolic process",gi|226505638|ref|NP_001142515.1|/0/hypothetical protein LOC100274751 [Zea mays]
GRMZM2G128737_T01,-1.061692322,-1.40834284670483,-1.87099393891775,-,-,-,gi|242040073|ref|XP_002467431.1|/0/hypothetical protein SORBIDRAFT_01g028010 [Sorghum bicolor]
GRMZM2G095124_T01,-1.05735809,-1.86241267415072,-1.29272643929611,GO:0030119//AP-type membrane coat adaptor complex,GO:0005515//protein binding;GO:0022892,GO:0015031//protein transport,"gi|108708214|gb|ABF96009.1|/0/Adapter-related protein complex 1 beta 1 subunit, putative, expressed [Oryza sativa Japonica Group]"
GRMZM2G101268_T01,-1.048920808,-2.58074361670429,-2.33835271244434,GO:0000785//chromatin;GO:0043231//intracellular membrane-bounded organelle,GO:0003676//nucleic acid binding,GO:0034728,gi|242052077|ref|XP_002455184.1|/2.28524e-43/hypothetical protein SORBIDRAFT_03g005720 [Sorghum bicolor]
GRMZM5G836190_T01,-1.048882431,-1.81466172249792,-1.23757396141004,GO:0031410//cytoplasmic vesicle,GO:0016301//kinase activity,-,gi|209915972|gb|ACI95776.1|/0/PAN1 [Zea mays]
GRMZM2G068217_T01,-1.035027385,-1.99404582299344,-1.70626879694329,GO:0031410//cytoplasmic vesicle,-,GO:0009653//anatomical structure morphogenesis;GO:0006810//transport;GO:0009888//tissue development;GO:0051707//response to other organism;GO:0009755//hormone-mediated signaling pathway;GO:0048513//organ development;GO:0006970//response to osmotic stress;GO:0065007//biological regulation;GO:0006952//defense response,gi|38607384|gb|AAR25570.1|/0/ethylene insensitive 2 [Zea mays]
GRMZM5G895435_T01,-1.034854775,-1.09775734495718,-1.04691499199161,-,GO:0019787//small conjugating protein ligase activity,GO:0060255;GO:0019941//modification-dependent protein catabolic process;GO:0006464//protein modification process,gi|293336215|ref|NP_001170091.1|/5.47158e-128/hypothetical protein LOC100384009 [Zea mays]
GRMZM2G114126_T01,-1.03121614,-2.45787805047588,-1.06941556282866,-,GO:0032934//sterol binding,GO:0006629//lipid metabolic process,gi|226502246|ref|NP_001140508.1|/0/hypothetical protein LOC100272570 [Zea mays]
AC155377.1_FGT001,-1.029094097,-1.26636656251303,-1.36760790725546,GO:0015629//actin cytoskeleton,GO:0008092//cytoskeletal protein binding;GO:0017111//nucleoside-triphosphatase activity;GO:0032559,-,gi|162463474|ref|NP_001104925.1|/0/myosin1 [Zea mays]
GRMZM2G042179_T01,-1.022391756,-1.20639194264273,-1.03803936101917,-,"GO:0048037//cofactor binding;GO:0016857//racemase and epimerase activity, acting on carbohydrates and derivatives","GO:0006139//nucleobase, nucleoside, nucleotide and nucleic acid metabolic process",gi|194689432|gb|ACF78800.1|/0/unknown [Zea mays]
GRMZM2G367367_T01,-1.018223759,-2.78538959056082,-1.34372225139935,-,GO:0003824//catalytic activity;GO:0046914//transition metal ion binding,-,gi|226508300|ref|NP_001147072.1|/2.60147e-166/hydrolase/ zinc ion binding protein [Zea mays]
GRMZM2G004878_T01,-1.008534387,-1.32192809488736,-1.81783600302858,GO:0000785//chromatin,-,GO:0051276//chromosome organization,gi|226501580|ref|NP_001144569.1|/1.88539e-39/hypothetical protein LOC100277576 [Zea mays]
GRMZM2G158359_T01,-1.004546789,-1.12412840502158,-1.58677949723449,GO:0016020//membrane,GO:0004702//receptor signaling protein serine/threonine kinase activity;GO:0032559,GO:0006464//protein modification process;GO:0023060,gi|242033191|ref|XP_002463990.1|/0/hypothetical protein SORBIDRAFT_01g010110 [Sorghum bicolor]
GRMZM2G076329_T01,-1.000994619,-1.99503716386805,-1.6080140407588,GO:0043231//intracellular membrane-bounded organelle,GO:0046914//transition metal ion binding;GO:0003676//nucleic acid binding,GO:0006259//DNA metabolic process,gi|226502879|ref|NP_001151792.1|/0/DNA binding protein [Zea mays]
